ID,Date and Time,Title,Description,Tag,Priority,Status,Reminder Time
5,2023-11-02 01:59,Test,Test,,Low,True,2023-11-02 03:00
6,2023-11-02 02:01,Test Title,Test Description,,Low,True,2023-11-02 02:01
7,2023-11-02 02:01,Test Title,Test Description,,Low,True,2023-11-02 02:29
11,2023-11-03 08:00,work,work at fs1,2,Medium,True,2023-11-03 07:30
12,,,,,Low,True,2023-11-09 19:51
13,,kurt,kurt,,Low,True,
14,,kurt,kurt,,Low,True,
20,,task1complete,desc1complete,tag1complete,Low,True,
21,,task2complete,desc2complete,tag2complete,Medium,True,
22,,task3complete,desc3compelete,tag3complete,High,True,
